Date,GOOGL,GE,CAT,AVGO,MSFT,RTX,DIS,NFLX,V,SCHW,ABBV,JPM,NVDA,AXP,WMT,JNJ,INTC,ORCL,PEP,IBM,CRM,BLK,BAC,META,CSCO,PM,KO,HD,AAPL,T,ABT,TMO,MA,CVX,COST,LLY,BRK-B,QCOM,UNH,XOM,NOW,MCD,ISRG,TMUS,NEE,TSLA,PG,MRK,AMZN,AMD
2025-01-02,0.0,1,0.0,0.0,0.0,1,0,1,0.0,0,1,0.0,1,0.0,0.0,0.0,0.0,0.0,0.0,1,0,0.0,0.0,0.0,0.0,1,1,0.0,0.0,1,1,1,0.0,0.0,0.0,1,1,0.0,0,1,1,1,0.0,1,0,1,0.0,0.0,0.0,1
2025-01-03,0.0,1,0.0,0.0,0.0,1,0,1,0.0,0,1,0.0,1,0.0,0.0,0.0,0.0,0.0,0.0,1,0,0.0,0.0,0.0,0.0,1,1,0.0,0.0,1,1,1,0.0,0.0,0.0,1,1,0.0,0,1,1,1,0.0,1,0,1,0.0,0.0,0.0,0
2025-01-06,0.0,1,0.0,0.0,0.0,1,0,1,0.0,0,1,0.0,1,0.0,0.0,0.0,0.0,0.0,0.0,1,0,0.0,0.0,0.0,0.0,1,1,0.0,0.0,1,1,1,0.0,0.0,0.0,1,1,0.0,0,1,1,1,0.0,1,0,0,0.0,0.0,0.0,0
2025-01-07,0.0,1,0.0,0.0,0.0,1,0,1,0.0,1,1,0.0,0,0.0,0.0,0.0,0.0,0.0,0.0,1,0,0.0,0.0,0.0,0.0,1,1,0.0,0.0,1,1,1,0.0,0.0,0.0,1,1,0.0,0,1,1,1,0.0,1,0,1,0.0,0.0,0.0,1
2025-01-08,0.0,1,0.0,0.0,0.0,1,0,1,0.0,1,1,0.0,0,0.0,0.0,0.0,0.0,0.0,0.0,1,0,0.0,0.0,0.0,0.0,1,1,0.0,0.0,1,1,1,0.0,0.0,0.0,1,1,0.0,0,1,1,1,0.0,1,0,1,0.0,0.0,0.0,1
2025-01-10,0.0,1,0.0,0.0,0.0,1,0,1,0.0,1,1,0.0,0,0.0,0.0,0.0,0.0,0.0,0.0,1,0,0.0,0.0,0.0,0.0,1,1,0.0,0.0,1,1,1,0.0,0.0,0.0,1,1,0.0,0,1,1,1,0.0,1,0,1,0.0,0.0,0.0,1
2025-01-13,0.0,1,0.0,0.0,0.0,1,0,1,0.0,1,1,0.0,0,0.0,0.0,0.0,0.0,0.0,0.0,1,0,0.0,0.0,0.0,0.0,1,1,0.0,0.0,1,1,1,0.0,0.0,0.0,1,1,0.0,0,1,1,1,0.0,1,0,1,0.0,0.0,0.0,1
2025-01-14,0.0,1,0.0,0.0,0.0,1,0,1,0.0,1,1,0.0,0,0.0,0.0,0.0,0.0,0.0,0.0,1,0,0.0,0.0,0.0,0.0,1,1,0.0,0.0,1,1,0,0.0,0.0,0.0,1,1,0.0,0,1,1,1,0.0,1,0,1,0.0,0.0,0.0,1
2025-01-15,0.0,1,0.0,0.0,0.0,1,0,1,0.0,1,1,0.0,0,0.0,0.0,0.0,0.0,0.0,0.0,1,0,0.0,0.0,0.0,0.0,1,1,0.0,0.0,1,1,0,0.0,0.0,0.0,1,1,0.0,0,1,1,1,0.0,1,0,1,0.0,0.0,0.0,0
2025-01-16,0.0,1,0.0,0.0,0.0,1,0,1,0.0,1,1,0.0,0,0.0,0.0,0.0,0.0,0.0,0.0,1,0,0.0,0.0,0.0,0.0,1,1,0.0,0.0,1,1,0,0.0,0.0,0.0,1,1,0.0,0,1,1,1,0.0,1,0,0,0.0,0.0,0.0,1
2025-01-17,0.0,1,0.0,0.0,0.0,1,0,1,0.0,1,1,0.0,0,0.0,0.0,0.0,0.0,0.0,0.0,1,0,0.0,0.0,0.0,0.0,1,1,0.0,0.0,1,1,0,0.0,0.0,0.0,1,1,0.0,0,1,1,1,0.0,1,0,0,0.0,0.0,0.0,0
2025-01-21,0.0,1,0.0,0.0,0.0,1,0,1,0.0,1,1,0.0,0,0.0,0.0,0.0,0.0,0.0,0.0,1,0,0.0,0.0,0.0,0.0,1,1,0.0,0.0,1,1,0,0.0,0.0,0.0,1,1,0.0,0,1,1,1,0.0,1,0,0,0.0,0.0,0.0,1
2025-01-22,0.0,1,0.0,0.0,0.0,1,0,1,0.0,1,1,0.0,0,0.0,0.0,0.0,0.0,0.0,0.0,1,0,0.0,0.0,0.0,0.0,1,1,0.0,0.0,1,1,0,0.0,0.0,0.0,1,1,0.0,0,1,1,1,0.0,1,0,0,0.0,0.0,0.0,1
2025-01-23,0.0,1,0.0,0.0,0.0,1,0,1,0.0,1,1,0.0,1,0.0,0.0,0.0,0.0,0.0,0.0,1,0,0.0,0.0,0.0,0.0,1,1,0.0,0.0,1,1,0,0.0,0.0,0.0,1,1,0.0,0,1,1,1,0.0,1,0,0,0.0,0.0,0.0,1
2025-01-24,0.0,1,0.0,0.0,0.0,1,0,1,0.0,1,1,0.0,0,0.0,0.0,0.0,0.0,0.0,0.0,1,0,0.0,0.0,0.0,0.0,1,1,0.0,0.0,1,1,0,0.0,0.0,0.0,1,1,0.0,0,1,1,1,0.0,1,1,0,0.0,0.0,0.0,1
2025-01-27,0.0,1,0.0,0.0,0.0,1,0,1,0.0,1,1,0.0,0,0.0,0.0,0.0,0.0,0.0,0.0,1,0,0.0,0.0,0.0,0.0,1,1,0.0,0.0,1,1,0,0.0,0.0,0.0,1,1,0.0,0,1,0,1,0.0,1,1,0,0.0,0.0,0.0,1
2025-01-28,0.0,1,0.0,0.0,0.0,1,0,1,0.0,1,1,0.0,0,0.0,0.0,0.0,0.0,0.0,0.0,1,0,0.0,0.0,0.0,0.0,1,1,0.0,0.0,1,1,0,0.0,0.0,0.0,1,1,0.0,0,1,0,1,0.0,1,1,0,0.0,0.0,0.0,1
2025-01-29,0.0,1,0.0,0.0,0.0,1,0,1,0.0,1,1,0.0,1,0.0,0.0,0.0,0.0,0.0,0.0,1,0,0.0,0.0,0.0,0.0,1,1,0.0,0.0,1,1,0,0.0,0.0,0.0,1,1,0.0,0,1,0,1,0.0,1,1,0,0.0,0.0,0.0,1
2025-01-30,0.0,1,0.0,0.0,0.0,1,0,1,0.0,0,1,0.0,1,0.0,0.0,0.0,0.0,0.0,0.0,1,0,0.0,0.0,0.0,0.0,1,1,0.0,0.0,1,1,0,0.0,0.0,0.0,1,1,0.0,0,1,1,1,0.0,1,1,0,0.0,0.0,0.0,1
2025-01-31,0.0,1,0.0,0.0,0.0,1,0,1,0.0,0,1,0.0,1,0.0,0.0,0.0,0.0,0.0,0.0,1,0,0.0,0.0,0.0,0.0,1,1,0.0,0.0,1,1,0,0.0,0.0,0.0,1,1,0.0,0,1,1,1,0.0,1,1,0,0.0,0.0,0.0,1
2025-02-03,0.0,1,0.0,0.0,0.0,1,0,1,0.0,0,1,0.0,1,0.0,0.0,0.0,0.0,0.0,0.0,1,0,0.0,0.0,0.0,0.0,1,1,0.0,0.0,1,1,0,0.0,0.0,0.0,1,1,0.0,0,1,1,1,0.0,1,1,0,0.0,0.0,0.0,1
2025-02-04,0.0,1,0.0,0.0,0.0,1,0,1,0.0,1,1,0.0,1,0.0,0.0,0.0,0.0,0.0,0.0,1,0,0.0,0.0,0.0,0.0,1,1,0.0,0.0,1,1,0,0.0,0.0,0.0,1,1,0.0,0,1,1,1,0.0,1,1,1,0.0,0.0,0.0,1
2025-02-05,0.0,1,0.0,0.0,0.0,1,0,0,0.0,1,1,0.0,1,0.0,0.0,0.0,0.0,0.0,0.0,1,0,0.0,0.0,0.0,0.0,1,1,0.0,0.0,1,1,0,0.0,0.0,0.0,1,1,0.0,0,1,1,1,0.0,1,1,0,0.0,0.0,0.0,1
2025-02-06,0.0,1,0.0,0.0,0.0,1,0,0,0.0,1,1,0.0,1,0.0,0.0,0.0,0.0,0.0,0.0,1,0,0.0,0.0,0.0,0.0,1,1,0.0,0.0,1,1,0,0.0,0.0,0.0,1,1,0.0,0,1,1,1,0.0,1,1,0,0.0,0.0,0.0,1
2025-02-07,0.0,1,0.0,0.0,0.0,1,0,0,0.0,1,1,0.0,1,0.0,0.0,0.0,0.0,0.0,0.0,1,0,0.0,0.0,0.0,0.0,1,1,0.0,0.0,1,1,0,0.0,0.0,0.0,1,1,0.0,0,1,1,1,0.0,1,1,0,0.0,0.0,0.0,1
2025-02-10,0.0,1,0.0,0.0,0.0,1,0,0,0.0,1,1,0.0,1,0.0,0.0,0.0,0.0,0.0,0.0,1,0,0.0,0.0,0.0,0.0,1,1,0.0,0.0,1,1,0,0.0,0.0,0.0,1,1,0.0,0,1,1,1,0.0,1,0,0,0.0,0.0,0.0,1
2025-02-11,0.0,1,0.0,0.0,0.0,1,0,1,0.0,1,1,0.0,1,0.0,0.0,0.0,0.0,0.0,0.0,1,0,0.0,0.0,0.0,0.0,1,1,0.0,0.0,1,1,0,0.0,0.0,0.0,1,1,0.0,0,1,1,1,0.0,1,0,0,0.0,0.0,0.0,1
2025-02-12,0.0,1,0.0,0.0,0.0,1,0,1,0.0,0,1,0.0,1,0.0,0.0,0.0,0.0,0.0,0.0,1,0,0.0,0.0,0.0,0.0,1,1,0.0,0.0,1,1,0,0.0,0.0,0.0,1,1,0.0,0,1,1,1,0.0,1,0,0,0.0,0.0,0.0,1
2025-02-13,0.0,1,0.0,0.0,0.0,1,0,1,0.0,0,1,0.0,1,0.0,0.0,0.0,0.0,0.0,0.0,1,0,0.0,0.0,0.0,0.0,1,1,0.0,0.0,1,1,1,0.0,0.0,0.0,1,1,0.0,0,1,0,1,0.0,1,1,0,0.0,0.0,0.0,1
2025-02-14,0.0,1,0.0,0.0,0.0,1,0,0,0.0,0,1,0.0,0,0.0,0.0,0.0,0.0,0.0,0.0,1,0,0.0,0.0,0.0,0.0,1,1,0.0,0.0,1,1,1,0.0,0.0,0.0,1,1,0.0,0,1,0,1,0.0,1,1,0,0.0,0.0,0.0,1
2025-02-18,0.0,1,0.0,0.0,0.0,1,0,0,0.0,0,1,0.0,0,0.0,0.0,0.0,0.0,0.0,0.0,1,0,0.0,0.0,0.0,0.0,1,1,0.0,0.0,1,1,1,0.0,0.0,0.0,1,1,0.0,0,1,0,1,0.0,1,1,0,0.0,0.0,0.0,1
2025-02-19,0.0,1,0.0,0.0,0.0,1,0,0,0.0,0,1,0.0,0,0.0,0.0,0.0,0.0,0.0,0.0,1,0,0.0,0.0,0.0,0.0,1,1,0.0,0.0,1,1,1,0.0,0.0,0.0,1,1,0.0,0,1,0,1,0.0,1,1,0,0.0,0.0,0.0,1
2025-02-20,0.0,1,0.0,0.0,0.0,1,0,0,0.0,0,1,0.0,1,0.0,0.0,0.0,0.0,0.0,0.0,1,0,0.0,0.0,0.0,0.0,1,1,0.0,0.0,1,1,1,0.0,0.0,0.0,1,1,0.0,0,1,0,1,0.0,1,1,0,0.0,0.0,0.0,1
2025-02-21,0.0,1,0.0,0.0,0.0,1,0,0,0.0,0,1,0.0,1,0.0,0.0,0.0,0.0,0.0,0.0,1,0,0.0,0.0,0.0,0.0,1,1,0.0,0.0,1,1,1,0.0,0.0,0.0,1,1,0.0,1,1,0,1,0.0,1,1,0,0.0,0.0,0.0,1
2025-02-24,0.0,1,0.0,0.0,0.0,1,0,0,0.0,0,1,0.0,1,0.0,0.0,0.0,0.0,0.0,0.0,1,0,0.0,0.0,0.0,0.0,1,1,0.0,0.0,1,1,1,0.0,0.0,0.0,1,1,0.0,1,1,1,1,0.0,1,1,0,0.0,0.0,0.0,1
2025-02-25,0.0,1,0.0,0.0,0.0,1,0,0,0.0,0,1,0.0,1,0.0,0.0,0.0,0.0,0.0,0.0,1,0,0.0,0.0,0.0,0.0,1,1,0.0,0.0,1,1,1,0.0,0.0,0.0,1,1,0.0,1,1,1,1,0.0,1,0,0,0.0,0.0,0.0,1
2025-02-26,0.0,1,0.0,0.0,0.0,1,0,0,0.0,0,1,0.0,1,0.0,0.0,0.0,0.0,0.0,0.0,1,0,0.0,0.0,0.0,0.0,1,1,0.0,0.0,1,1,1,0.0,0.0,0.0,1,1,0.0,1,1,1,1,0.0,1,0,1,0.0,0.0,0.0,1
2025-02-27,0.0,1,0.0,0.0,0.0,1,0,0,0.0,0,0,0.0,1,0.0,0.0,0.0,0.0,0.0,0.0,1,0,0.0,0.0,0.0,0.0,1,1,0.0,0.0,1,1,1,0.0,0.0,0.0,1,1,0.0,1,1,1,1,0.0,1,0,1,0.0,0.0,0.0,1
2025-02-28,0.0,1,0.0,0.0,0.0,1,0,0,0.0,0,0,0.0,1,0.0,0.0,0.0,0.0,0.0,0.0,1,0,0.0,0.0,0.0,0.0,1,1,0.0,0.0,1,1,1,0.0,0.0,0.0,1,1,0.0,1,1,1,1,0.0,1,0,1,0.0,0.0,0.0,1
2025-03-03,0.0,1,0.0,0.0,0.0,1,0,0,0.0,0,0,0.0,1,0.0,0.0,0.0,0.0,0.0,0.0,1,0,0.0,0.0,0.0,0.0,1,1,0.0,0.0,1,1,1,0.0,0.0,0.0,1,1,0.0,1,1,1,1,0.0,1,1,1,0.0,0.0,0.0,1
2025-03-04,0.0,1,0.0,0.0,0.0,1,0,0,0.0,0,0,0.0,1,0.0,0.0,0.0,0.0,0.0,0.0,1,0,0.0,0.0,0.0,0.0,1,1,0.0,0.0,1,1,1,0.0,0.0,0.0,1,1,0.0,1,1,1,1,0.0,1,1,1,0.0,0.0,0.0,1
2025-03-05,0.0,1,0.0,0.0,0.0,1,0,0,0.0,0,0,0.0,1,0.0,0.0,0.0,0.0,0.0,0.0,1,0,0.0,0.0,0.0,0.0,1,1,0.0,0.0,1,1,1,0.0,0.0,0.0,1,1,0.0,1,1,1,1,0.0,1,1,1,0.0,0.0,0.0,1
2025-03-06,0.0,1,0.0,0.0,0.0,1,0,0,0.0,0,0,0.0,1,0.0,0.0,0.0,0.0,0.0,0.0,1,0,0.0,0.0,0.0,0.0,1,1,0.0,0.0,1,1,1,0.0,0.0,0.0,0,1,0.0,1,1,1,1,0.0,1,1,1,0.0,0.0,0.0,1
2025-03-07,0.0,1,0.0,0.0,0.0,1,0,0,0.0,0,0,0.0,1,0.0,0.0,0.0,0.0,0.0,0.0,1,0,0.0,0.0,0.0,0.0,1,1,0.0,0.0,1,1,1,0.0,0.0,0.0,0,1,0.0,1,1,1,1,0.0,1,1,1,0.0,0.0,0.0,1
2025-03-10,0.0,1,0.0,0.0,0.0,1,0,0,0.0,1,0,0.0,1,0.0,0.0,0.0,0.0,0.0,0.0,1,1,0.0,0.0,0.0,0.0,1,1,0.0,0.0,1,1,1,0.0,0.0,0.0,1,1,0.0,1,1,1,1,0.0,1,1,1,0.0,0.0,0.0,0
2025-03-11,0.0,1,0.0,0.0,0.0,1,0,0,0.0,1,0,0.0,1,0.0,0.0,0.0,0.0,0.0,0.0,1,0,0.0,0.0,0.0,0.0,1,1,0.0,0.0,1,1,1,0.0,0.0,0.0,1,1,0.0,1,1,1,1,0.0,1,1,1,0.0,0.0,0.0,1
2025-03-12,0.0,1,0.0,0.0,0.0,1,0,0,0.0,1,0,0.0,1,0.0,0.0,0.0,0.0,0.0,0.0,1,0,0.0,0.0,0.0,0.0,1,1,0.0,0.0,1,1,1,0.0,0.0,0.0,1,1,0.0,1,1,1,1,0.0,1,1,1,0.0,0.0,0.0,0
2025-03-13,1.0,1,1.0,1.0,1.0,1,0,0,0.0,1,0,1.0,1,1.0,0.0,1.0,1.0,1.0,0.0,1,1,1.0,1.0,1.0,1.0,1,1,1.0,1.0,1,1,1,1.0,1.0,0.0,1,1,1.0,1,1,1,1,1.0,1,1,1,0.0,1.0,1.0,1
2025-03-14,1.0,1,1.0,1.0,1.0,1,0,0,0.0,1,0,1.0,1,1.0,1.0,1.0,1.0,1.0,0.0,1,0,1.0,1.0,1.0,1.0,1,1,1.0,1.0,1,1,1,1.0,1.0,0.0,1,1,1.0,1,1,1,1,1.0,1,1,1,0.0,1.0,1.0,1
2025-03-17,1.0,1,1.0,1.0,1.0,1,0,0,0.0,1,0,1.0,1,1.0,1.0,1.0,1.0,1.0,0.0,1,0,1.0,1.0,1.0,1.0,1,1,1.0,1.0,1,1,1,1.0,1.0,0.0,1,1,1.0,1,1,1,1,1.0,1,1,1,0.0,1.0,1.0,0
2025-03-18,1.0,1,1.0,1.0,1.0,1,0,0,0.0,1,0,1.0,1,1.0,1.0,1.0,1.0,1.0,0.0,1,0,1.0,1.0,1.0,1.0,1,1,1.0,1.0,1,1,1,1.0,1.0,0.0,1,1,1.0,1,1,1,1,1.0,1,1,1,0.0,1.0,1.0,1
2025-03-19,1.0,1,1.0,1.0,1.0,1,0,0,1.0,0,0,1.0,1,1.0,1.0,1.0,1.0,1.0,1.0,1,0,1.0,1.0,1.0,1.0,1,1,1.0,1.0,1,1,1,1.0,1.0,1.0,1,1,1.0,1,1,1,1,1.0,1,1,1,0.0,1.0,1.0,1
2025-03-20,1.0,1,1.0,1.0,1.0,1,0,0,1.0,1,0,1.0,1,1.0,1.0,1.0,1.0,1.0,1.0,1,0,1.0,1.0,1.0,1.0,1,1,1.0,1.0,1,1,1,1.0,1.0,1.0,1,1,1.0,1,1,1,1,1.0,1,1,1,0.0,1.0,1.0,0
2025-03-21,1.0,1,1.0,1.0,1.0,1,0,0,1.0,0,0,1.0,1,1.0,1.0,1.0,1.0,1.0,1.0,1,0,1.0,1.0,1.0,1.0,1,1,1.0,1.0,0,1,1,1.0,1.0,1.0,1,1,1.0,0,1,1,1,1.0,1,1,1,0.0,1.0,1.0,1
2025-03-24,1.0,1,1.0,1.0,1.0,1,0,0,0.0,0,0,1.0,1,1.0,1.0,1.0,1.0,1.0,1.0,1,0,1.0,1.0,1.0,1.0,1,1,1.0,1.0,0,1,1,1.0,1.0,1.0,1,1,1.0,0,1,1,1,1.0,1,1,1,0.0,1.0,1.0,1
2025-03-25,1.0,1,1.0,1.0,1.0,1,0,0,0.0,0,0,1.0,1,1.0,1.0,1.0,1.0,1.0,1.0,1,0,1.0,1.0,1.0,1.0,1,1,1.0,1.0,0,1,1,1.0,1.0,1.0,1,1,1.0,0,1,1,1,0.0,1,1,1,0.0,1.0,1.0,1
2025-03-26,1.0,1,1.0,1.0,1.0,1,0,0,0.0,0,0,1.0,0,1.0,1.0,1.0,1.0,1.0,1.0,1,0,1.0,1.0,1.0,1.0,1,1,1.0,1.0,0,1,1,1.0,1.0,1.0,1,1,1.0,0,1,1,1,1.0,1,1,1,0.0,1.0,1.0,1
2025-03-27,1.0,1,1.0,1.0,1.0,1,0,0,0.0,0,0,1.0,0,1.0,1.0,1.0,1.0,1.0,0.0,1,0,1.0,1.0,1.0,1.0,1,1,1.0,1.0,0,1,1,1.0,1.0,1.0,1,1,1.0,0,1,1,1,1.0,1,1,1,0.0,1.0,1.0,1
2025-03-28,1.0,1,1.0,1.0,1.0,1,0,0,1.0,1,0,1.0,1,1.0,1.0,1.0,1.0,1.0,0.0,1,0,1.0,1.0,1.0,1.0,1,1,1.0,1.0,0,1,1,1.0,1.0,1.0,1,1,1.0,0,1,1,1,1.0,1,1,1,0.0,1.0,1.0,1
2025-03-31,1.0,1,1.0,1.0,1.0,1,0,0,1.0,0,0,1.0,1,1.0,1.0,1.0,1.0,1.0,0.0,1,0,1.0,1.0,1.0,1.0,1,1,1.0,1.0,0,1,1,1.0,1.0,1.0,1,1,1.0,0,1,1,1,0.0,1,1,1,0.0,1.0,1.0,1
2025-04-01,1.0,1,1.0,1.0,1.0,1,0,0,0.0,0,0,1.0,1,1.0,1.0,1.0,1.0,1.0,0.0,1,0,1.0,1.0,1.0,1.0,1,1,1.0,1.0,1,1,1,1.0,1.0,1.0,1,1,1.0,0,1,1,1,0.0,1,1,1,0.0,1.0,1.0,1
2025-04-02,1.0,1,1.0,1.0,1.0,1,0,0,0.0,0,0,1.0,1,1.0,1.0,1.0,1.0,1.0,0.0,1,0,1.0,1.0,1.0,1.0,1,1,1.0,1.0,1,1,1,1.0,1.0,1.0,1,1,1.0,0,1,1,1,0.0,1,1,1,1.0,1.0,1.0,0
2025-04-03,1.0,1,1.0,1.0,1.0,1,1,0,0.0,0,0,1.0,1,1.0,1.0,1.0,1.0,1.0,0.0,1,1,1.0,1.0,0.0,1.0,1,1,1.0,1.0,1,1,1,1.0,0.0,1.0,1,1,1.0,0,1,1,1,0.0,1,1,1,0.0,1.0,0.0,1
2025-04-04,1.0,1,1.0,1.0,1.0,1,1,1,1.0,1,0,1.0,1,1.0,1.0,1.0,1.0,1.0,0.0,1,1,1.0,1.0,0.0,1.0,1,1,1.0,1.0,1,1,1,1.0,1.0,1.0,1,1,1.0,0,1,1,1,1.0,1,1,1,1.0,1.0,0.0,1
2025-04-07,1.0,1,1.0,1.0,1.0,1,1,1,1.0,0,0,1.0,1,1.0,1.0,1.0,1.0,1.0,0.0,1,1,1.0,1.0,0.0,1.0,1,1,1.0,1.0,1,1,1,1.0,1.0,1.0,1,1,1.0,0,1,1,1,0.0,1,1,0,1.0,1.0,0.0,0
2025-04-08,1.0,1,1.0,1.0,1.0,1,1,1,1.0,1,0,1.0,1,1.0,1.0,1.0,1.0,1.0,0.0,1,1,1.0,1.0,0.0,1.0,1,1,1.0,1.0,1,1,1,1.0,1.0,1.0,1,1,1.0,0,1,1,1,1.0,1,1,0,1.0,1.0,0.0,0
2025-04-09,1.0,1,1.0,1.0,1.0,1,1,1,0.0,0,0,1.0,1,1.0,1.0,1.0,1.0,1.0,1.0,1,0,1.0,1.0,0.0,1.0,1,1,1.0,1.0,1,1,1,1.0,1.0,1.0,1,1,1.0,0,1,1,1,0.0,1,1,0,1.0,1.0,0.0,0
2025-04-10,1.0,1,1.0,1.0,1.0,1,1,1,0.0,0,1,1.0,1,1.0,1.0,1.0,1.0,1.0,1.0,1,1,1.0,1.0,0.0,1.0,1,1,1.0,1.0,1,1,1,1.0,1.0,1.0,1,1,1.0,0,1,1,1,0.0,1,1,0,1.0,1.0,0.0,0
2025-04-11,1.0,1,1.0,1.0,1.0,1,1,1,0.0,0,1,1.0,1,1.0,1.0,1.0,1.0,1.0,1.0,1,1,1.0,1.0,1.0,1.0,1,1,1.0,1.0,1,1,1,1.0,1.0,1.0,1,1,1.0,0,1,1,1,0.0,1,1,0,1.0,1.0,0.0,0
2025-04-14,1.0,1,1.0,1.0,1.0,1,1,1,1.0,0,1,1.0,1,1.0,1.0,1.0,1.0,1.0,1.0,1,0,1.0,1.0,1.0,1.0,1,1,1.0,1.0,1,1,1,1.0,1.0,1.0,1,1,1.0,0,1,1,1,0.0,1,1,0,1.0,1.0,0.0,0
2025-04-15,1.0,1,1.0,1.0,1.0,1,1,1,1.0,0,1,1.0,1,1.0,1.0,1.0,1.0,1.0,1.0,1,0,1.0,1.0,1.0,1.0,1,1,1.0,1.0,1,1,1,1.0,1.0,1.0,1,1,1.0,0,1,1,1,0.0,1,1,0,1.0,1.0,0.0,0
2025-04-16,1.0,1,1.0,1.0,1.0,1,1,1,1.0,0,1,1.0,1,1.0,1.0,1.0,1.0,1.0,1.0,1,1,1.0,1.0,1.0,1.0,1,1,1.0,1.0,1,1,1,1.0,1.0,1.0,1,1,1.0,0,1,1,1,0.0,1,1,0,1.0,1.0,0.0,0
2025-04-17,1.0,1,1.0,1.0,1.0,1,1,1,1.0,1,1,1.0,1,1.0,1.0,1.0,1.0,1.0,1.0,1,1,1.0,1.0,1.0,1.0,1,1,1.0,1.0,1,1,1,1.0,1.0,1.0,1,1,1.0,1,1,1,1,0.0,1,1,0,1.0,1.0,0.0,0
2025-04-21,1.0,1,1.0,1.0,1.0,1,1,1,1.0,1,1,1.0,1,1.0,1.0,1.0,1.0,1.0,1.0,1,1,1.0,1.0,1.0,1.0,1,1,1.0,1.0,1,1,1,1.0,1.0,1.0,1,1,1.0,1,1,1,1,0.0,1,1,0,1.0,1.0,0.0,0
2025-04-22,1.0,1,1.0,1.0,1.0,1,1,1,1.0,1,1,1.0,1,1.0,1.0,1.0,1.0,1.0,1.0,1,1,1.0,1.0,1.0,1.0,1,1,1.0,1.0,1,1,1,1.0,1.0,1.0,1,1,1.0,1,1,1,1,0.0,1,1,0,1.0,1.0,0.0,0
2025-04-23,1.0,1,1.0,1.0,1.0,1,1,1,1.0,1,1,1.0,1,1.0,1.0,1.0,1.0,1.0,1.0,1,1,1.0,1.0,1.0,1.0,1,1,1.0,1.0,1,1,1,1.0,1.0,1.0,1,1,1.0,1,1,1,1,1.0,1,1,0,1.0,1.0,0.0,0
2025-04-24,1.0,1,1.0,1.0,1.0,1,1,1,1.0,1,1,1.0,1,1.0,1.0,1.0,1.0,1.0,1.0,1,1,1.0,1.0,1.0,1.0,1,1,1.0,1.0,1,1,1,1.0,1.0,1.0,1,1,1.0,1,1,1,1,0.0,1,1,0,1.0,1.0,0.0,0
2025-04-25,1.0,1,1.0,1.0,1.0,1,1,1,1.0,1,1,1.0,1,1.0,1.0,1.0,1.0,1.0,1.0,1,1,1.0,1.0,1.0,1.0,1,1,1.0,1.0,1,1,1,1.0,1.0,1.0,1,1,1.0,1,1,1,1,0.0,1,1,1,1.0,1.0,0.0,0
2025-04-28,1.0,1,1.0,1.0,1.0,1,1,1,1.0,1,1,1.0,1,1.0,1.0,1.0,1.0,1.0,1.0,1,1,1.0,1.0,1.0,1.0,1,1,1.0,1.0,1,1,1,1.0,1.0,1.0,1,1,1.0,1,1,0,1,0.0,1,1,0,1.0,1.0,0.0,0
2025-04-29,1.0,1,1.0,1.0,1.0,1,1,1,1.0,1,1,1.0,1,1.0,1.0,1.0,1.0,1.0,1.0,1,1,1.0,1.0,1.0,1.0,1,1,1.0,1.0,1,1,1,1.0,1.0,1.0,1,1,1.0,1,1,0,1,0.0,1,1,1,1.0,1.0,0.0,0
2025-04-30,1.0,1,1.0,1.0,1.0,1,1,1,1.0,1,1,1.0,1,1.0,1.0,1.0,1.0,1.0,1.0,1,1,1.0,1.0,1.0,1.0,1,1,1.0,1.0,1,1,1,1.0,1.0,1.0,1,1,1.0,1,1,0,1,0.0,1,1,1,1.0,1.0,0.0,0
2025-05-01,1.0,1,1.0,1.0,1.0,1,1,1,1.0,1,1,1.0,1,1.0,1.0,1.0,1.0,1.0,1.0,1,1,1.0,1.0,1.0,1.0,1,1,1.0,1.0,1,1,1,1.0,1.0,1.0,1,1,1.0,1,1,0,1,0.0,1,1,1,1.0,1.0,0.0,0
2025-05-02,1.0,1,1.0,1.0,1.0,1,1,1,1.0,1,1,1.0,1,1.0,1.0,1.0,1.0,1.0,1.0,1,1,1.0,1.0,1.0,1.0,1,1,1.0,1.0,1,1,1,1.0,1.0,1.0,1,1,1.0,1,1,0,1,0.0,1,1,1,1.0,1.0,0.0,0
2025-05-05,1.0,1,1.0,1.0,1.0,1,1,1,1.0,1,1,1.0,1,1.0,1.0,1.0,1.0,1.0,1.0,1,0,1.0,1.0,1.0,1.0,1,1,1.0,1.0,1,1,1,1.0,1.0,1.0,1,1,1.0,1,1,0,1,0.0,1,1,1,1.0,1.0,0.0,0
2025-05-06,1.0,1,1.0,1.0,1.0,1,1,0,1.0,1,1,1.0,1,1.0,1.0,1.0,1.0,1.0,1.0,1,0,1.0,1.0,1.0,1.0,1,1,1.0,1.0,1,1,1,1.0,1.0,1.0,1,1,1.0,1,1,0,1,0.0,1,1,1,1.0,1.0,0.0,0
2025-05-07,1.0,1,1.0,1.0,1.0,1,0,0,1.0,0,1,1.0,1,1.0,1.0,1.0,1.0,1.0,1.0,1,1,1.0,1.0,1.0,1.0,1,1,1.0,1.0,1,1,1,1.0,1.0,1.0,1,1,1.0,1,1,0,1,0.0,1,1,1,1.0,1.0,0.0,0
2025-05-08,1.0,1,1.0,1.0,1.0,1,1,0,1.0,0,1,1.0,1,1.0,1.0,1.0,1.0,1.0,1.0,1,1,1.0,1.0,1.0,1.0,1,1,1.0,1.0,1,1,1,1.0,1.0,0.0,1,1,1.0,1,1,0,1,0.0,1,1,1,1.0,1.0,1.0,0
2025-05-09,1.0,1,1.0,1.0,1.0,1,1,0,1.0,0,1,1.0,1,1.0,1.0,1.0,1.0,1.0,1.0,1,1,1.0,1.0,1.0,1.0,1,1,1.0,1.0,1,1,1,1.0,1.0,0.0,1,1,1.0,1,1,0,1,0.0,1,1,1,1.0,1.0,1.0,0
2025-05-12,1.0,1,1.0,1.0,1.0,1,1,0,1.0,0,1,1.0,1,1.0,1.0,1.0,1.0,1.0,1.0,1,1,1.0,1.0,1.0,1.0,1,1,1.0,1.0,1,1,1,1.0,1.0,0.0,1,1,1.0,1,1,0,1,0.0,1,1,1,1.0,1.0,0.0,0
2025-05-13,1.0,1,1.0,1.0,1.0,1,1,0,1.0,0,1,1.0,1,1.0,1.0,1.0,1.0,1.0,1.0,1,1,1.0,1.0,1.0,1.0,1,1,1.0,1.0,0,1,1,1.0,1.0,0.0,1,1,1.0,1,1,0,1,0.0,1,1,1,1.0,1.0,0.0,0
2025-05-14,1.0,1,1.0,1.0,1.0,1,1,0,1.0,0,1,1.0,1,1.0,1.0,1.0,1.0,1.0,1.0,1,1,1.0,1.0,1.0,1.0,1,1,1.0,1.0,0,1,1,1.0,1.0,0.0,1,1,1.0,1,1,0,1,0.0,1,1,1,1.0,1.0,0.0,0
2025-05-15,1.0,1,1.0,1.0,1.0,1,1,0,1.0,0,1,1.0,1,1.0,1.0,1.0,1.0,1.0,1.0,1,1,1.0,1.0,1.0,1.0,1,1,1.0,1.0,0,1,1,1.0,1.0,0.0,1,1,1.0,1,1,0,1,0.0,1,1,1,1.0,1.0,0.0,0
2025-05-16,1.0,1,1.0,1.0,1.0,1,1,0,1.0,0,1,1.0,0,1.0,1.0,1.0,1.0,1.0,1.0,1,1,1.0,1.0,1.0,1.0,1,1,1.0,1.0,0,1,1,1.0,1.0,0.0,1,1,1.0,1,1,0,1,0.0,1,1,1,1.0,1.0,1.0,0
2025-05-19,1.0,1,1.0,1.0,1.0,1,1,0,1.0,0,1,1.0,0,1.0,1.0,1.0,1.0,1.0,1.0,1,1,1.0,1.0,1.0,1.0,1,1,1.0,1.0,0,1,1,1.0,1.0,0.0,1,1,1.0,1,1,0,1,0.0,1,1,1,1.0,1.0,1.0,0
2025-05-20,1.0,1,1.0,1.0,1.0,1,1,0,1.0,0,1,1.0,0,1.0,1.0,1.0,1.0,1.0,1.0,1,1,1.0,1.0,1.0,1.0,1,1,1.0,1.0,0,1,1,1.0,1.0,0.0,1,1,1.0,1,1,1,1,0.0,1,1,1,1.0,1.0,1.0,0
2025-05-21,1.0,1,1.0,1.0,1.0,1,1,0,0.0,0,1,1.0,0,1.0,1.0,1.0,1.0,1.0,1.0,1,1,1.0,1.0,1.0,1.0,1,1,1.0,1.0,0,1,1,1.0,1.0,0.0,1,1,1.0,1,1,1,1,0.0,1,1,1,1.0,1.0,1.0,0
2025-05-22,1.0,1,1.0,1.0,1.0,1,1,0,0.0,0,1,1.0,0,1.0,1.0,1.0,1.0,1.0,1.0,1,1,1.0,1.0,1.0,1.0,1,1,1.0,1.0,0,1,1,1.0,1.0,0.0,1,1,1.0,1,1,1,1,0.0,1,1,1,1.0,1.0,1.0,0
2025-05-23,1.0,1,1.0,1.0,1.0,1,1,0,0.0,0,1,1.0,0,1.0,1.0,1.0,1.0,1.0,1.0,1,1,1.0,1.0,1.0,1.0,1,1,1.0,1.0,0,1,1,1.0,1.0,0.0,1,1,1.0,1,1,1,1,0.0,1,1,1,1.0,1.0,1.0,0
2025-05-27,1.0,1,1.0,1.0,1.0,1,1,0,0.0,0,1,1.0,1,1.0,1.0,1.0,1.0,1.0,1.0,1,1,1.0,1.0,1.0,1.0,1,1,1.0,1.0,0,1,1,1.0,1.0,0.0,1,1,1.0,1,1,1,1,0.0,1,1,1,1.0,1.0,1.0,0
2025-05-28,1.0,1,1.0,1.0,1.0,1,1,0,0.0,0,1,1.0,1,1.0,1.0,1.0,1.0,1.0,1.0,1,1,1.0,1.0,1.0,1.0,1,1,1.0,1.0,0,1,1,1.0,1.0,0.0,1,1,1.0,1,1,1,1,0.0,1,1,1,1.0,1.0,1.0,0
2025-05-29,1.0,1,1.0,1.0,1.0,1,1,0,0.0,0,1,1.0,1,1.0,1.0,1.0,1.0,1.0,1.0,1,1,1.0,1.0,1.0,1.0,1,1,1.0,1.0,0,1,1,1.0,1.0,0.0,1,1,1.0,1,1,1,1,0.0,1,1,1,1.0,1.0,1.0,0
2025-05-30,1.0,1,1.0,1.0,1.0,1,1,0,0.0,0,1,1.0,1,1.0,1.0,1.0,1.0,1.0,1.0,1,0,1.0,1.0,1.0,1.0,1,1,1.0,1.0,0,1,1,1.0,1.0,0.0,1,1,1.0,1,1,1,1,0.0,1,1,1,1.0,1.0,1.0,0
2025-06-02,1.0,1,1.0,0.0,1.0,1,1,0,0.0,0,1,1.0,1,1.0,1.0,1.0,1.0,1.0,1.0,1,1,1.0,1.0,1.0,1.0,1,1,1.0,1.0,0,1,1,1.0,1.0,0.0,1,1,1.0,1,1,1,1,0.0,1,1,1,1.0,1.0,1.0,0
2025-06-03,1.0,1,1.0,0.0,1.0,1,1,0,0.0,0,1,1.0,1,1.0,1.0,1.0,1.0,1.0,1.0,1,1,1.0,1.0,1.0,1.0,1,1,1.0,1.0,0,1,1,1.0,1.0,0.0,1,1,1.0,1,1,1,1,0.0,1,1,1,1.0,1.0,1.0,0
2025-06-04,1.0,1,1.0,0.0,1.0,1,0,0,0.0,0,1,1.0,1,1.0,1.0,1.0,1.0,1.0,1.0,1,1,1.0,1.0,1.0,1.0,1,1,1.0,1.0,0,1,1,1.0,1.0,0.0,1,1,1.0,1,1,1,1,0.0,1,1,1,1.0,1.0,1.0,0
2025-06-05,1.0,1,1.0,0.0,1.0,1,0,0,0.0,0,1,1.0,1,1.0,1.0,1.0,1.0,1.0,1.0,1,0,1.0,1.0,1.0,1.0,1,1,1.0,1.0,0,1,1,1.0,1.0,0.0,1,1,1.0,1,1,1,1,0.0,1,1,1,1.0,1.0,1.0,0
2025-06-06,1.0,1,1.0,1.0,1.0,1,0,0,0.0,0,1,1.0,1,1.0,1.0,1.0,1.0,1.0,1.0,1,0,1.0,1.0,1.0,1.0,1,1,1.0,1.0,0,1,1,1.0,1.0,0.0,1,1,1.0,1,1,1,1,0.0,1,1,1,1.0,1.0,1.0,0
2025-06-09,1.0,1,1.0,1.0,1.0,1,0,0,0.0,0,1,1.0,1,1.0,1.0,1.0,1.0,1.0,1.0,1,1,1.0,1.0,1.0,1.0,1,1,1.0,1.0,0,1,1,1.0,1.0,0.0,1,1,1.0,1,1,1,1,0.0,1,1,1,1.0,1.0,1.0,0
2025-06-10,1.0,1,1.0,1.0,1.0,1,0,0,0.0,0,1,1.0,1,1.0,1.0,1.0,1.0,1.0,1.0,1,1,1.0,1.0,1.0,1.0,1,1,1.0,1.0,0,1,1,1.0,1.0,0.0,1,1,1.0,1,1,1,1,0.0,1,1,1,1.0,1.0,1.0,0
2025-06-11,1.0,1,1.0,0.0,1.0,1,0,0,0.0,0,1,1.0,1,1.0,1.0,1.0,1.0,1.0,1.0,1,1,1.0,1.0,1.0,1.0,1,1,1.0,1.0,1,1,1,1.0,1.0,0.0,1,1,1.0,1,1,1,1,0.0,1,1,0,1.0,1.0,1.0,0
2025-06-12,1.0,1,1.0,0.0,1.0,1,0,0,0.0,0,1,1.0,1,1.0,1.0,1.0,1.0,1.0,1.0,1,1,1.0,1.0,1.0,1.0,1,1,1.0,1.0,1,1,1,1.0,1.0,0.0,1,1,1.0,1,1,1,1,1.0,1,1,1,1.0,1.0,1.0,0
2025-06-13,1.0,1,1.0,1.0,1.0,1,0,0,0.0,0,1,1.0,1,1.0,1.0,1.0,1.0,1.0,1.0,1,1,1.0,1.0,1.0,1.0,1,1,1.0,1.0,1,1,1,1.0,1.0,0.0,1,1,1.0,1,1,1,1,1.0,1,1,1,1.0,1.0,1.0,0
2025-06-16,1.0,1,1.0,0.0,1.0,1,0,0,0.0,0,1,1.0,1,1.0,1.0,1.0,1.0,0.0,1.0,1,1,1.0,1.0,1.0,1.0,1,1,1.0,1.0,1,1,1,1.0,1.0,0.0,1,1,1.0,1,1,1,1,0.0,1,1,1,1.0,1.0,1.0,0
2025-06-17,1.0,1,1.0,0.0,1.0,1,0,0,0.0,0,1,1.0,1,1.0,1.0,1.0,1.0,1.0,1.0,1,1,1.0,1.0,1.0,1.0,1,1,1.0,1.0,1,1,1,1.0,1.0,0.0,1,1,1.0,1,1,1,1,1.0,1,1,1,1.0,1.0,1.0,0
2025-06-18,1.0,1,1.0,0.0,1.0,1,0,0,0.0,0,1,1.0,1,1.0,1.0,1.0,1.0,1.0,1.0,1,0,1.0,1.0,1.0,1.0,1,1,1.0,1.0,1,1,1,1.0,1.0,0.0,1,1,1.0,1,1,1,1,0.0,1,1,1,1.0,1.0,1.0,0
2025-06-20,1.0,1,1.0,0.0,1.0,1,0,0,0.0,0,1,1.0,1,1.0,1.0,1.0,1.0,1.0,1.0,1,0,1.0,1.0,1.0,1.0,1,1,1.0,1.0,1,1,1,1.0,1.0,0.0,1,1,1.0,1,1,1,1,0.0,1,1,1,1.0,1.0,1.0,0
2025-06-23,1.0,1,1.0,0.0,1.0,1,0,0,1.0,0,1,1.0,1,1.0,1.0,1.0,1.0,0.0,1.0,1,0,1.0,1.0,1.0,1.0,1,1,1.0,1.0,1,1,1,1.0,1.0,0.0,1,1,1.0,1,1,1,1,0.0,1,1,1,1.0,1.0,1.0,0
2025-06-24,1.0,1,1.0,0.0,1.0,1,0,0,0.0,0,1,1.0,1,1.0,1.0,1.0,1.0,0.0,1.0,1,1,1.0,1.0,1.0,1.0,1,1,1.0,1.0,1,1,1,1.0,1.0,0.0,1,1,1.0,1,1,1,1,0.0,1,1,1,1.0,1.0,1.0,0
2025-06-25,1.0,1,1.0,0.0,1.0,1,0,0,1.0,0,1,1.0,1,1.0,1.0,1.0,1.0,0.0,1.0,1,1,1.0,1.0,1.0,1.0,1,1,1.0,1.0,1,1,1,1.0,1.0,0.0,1,1,1.0,1,1,1,1,0.0,1,1,1,1.0,1.0,1.0,0
2025-06-26,1.0,1,1.0,0.0,1.0,1,0,0,1.0,0,1,1.0,1,1.0,1.0,1.0,1.0,0.0,1.0,1,1,1.0,1.0,1.0,1.0,1,1,1.0,1.0,1,1,1,1.0,1.0,0.0,1,1,1.0,1,1,1,1,0.0,1,1,1,1.0,1.0,1.0,0
2025-06-27,1.0,1,1.0,0.0,1.0,1,0,0,1.0,0,1,1.0,1,1.0,1.0,1.0,1.0,0.0,1.0,1,1,1.0,1.0,1.0,1.0,1,1,1.0,1.0,1,1,1,1.0,1.0,0.0,1,1,1.0,1,1,1,1,0.0,1,1,1,1.0,1.0,1.0,0
2025-06-30,1.0,1,1.0,0.0,1.0,1,0,0,1.0,0,1,1.0,1,1.0,1.0,1.0,1.0,0.0,1.0,1,1,1.0,1.0,1.0,1.0,1,1,1.0,1.0,1,1,1,1.0,1.0,0.0,1,1,1.0,1,1,1,1,0.0,1,1,1,1.0,1.0,1.0,0
2025-07-01,1.0,1,1.0,0.0,1.0,1,0,0,1.0,0,1,1.0,1,1.0,1.0,1.0,1.0,0.0,1.0,1,1,1.0,1.0,1.0,1.0,1,1,1.0,1.0,1,1,1,1.0,1.0,0.0,1,1,1.0,1,1,1,1,0.0,1,1,1,1.0,1.0,1.0,0
2025-07-02,1.0,1,1.0,0.0,1.0,1,0,0,1.0,0,1,1.0,1,1.0,1.0,1.0,1.0,0.0,1.0,1,1,1.0,1.0,1.0,1.0,1,1,1.0,1.0,1,1,1,1.0,1.0,1.0,1,1,1.0,1,1,1,1,0.0,1,1,1,1.0,1.0,1.0,0
2025-07-03,1.0,1,1.0,0.0,1.0,1,0,0,1.0,0,1,1.0,1,1.0,1.0,1.0,1.0,0.0,1.0,1,1,1.0,1.0,1.0,1.0,1,1,1.0,1.0,1,1,1,1.0,1.0,1.0,1,1,1.0,1,1,1,1,0.0,1,1,1,1.0,1.0,1.0,0
2025-07-07,1.0,1,1.0,0.0,1.0,1,0,0,1.0,0,1,1.0,1,1.0,1.0,1.0,1.0,0.0,1.0,1,1,1.0,1.0,1.0,1.0,1,1,1.0,1.0,1,1,1,1.0,1.0,1.0,1,1,1.0,1,1,1,1,0.0,1,1,1,1.0,1.0,1.0,0
2025-07-08,1.0,1,1.0,0.0,1.0,1,0,0,1.0,0,1,1.0,1,1.0,1.0,1.0,1.0,0.0,1.0,1,1,1.0,1.0,1.0,1.0,1,1,1.0,1.0,1,1,1,1.0,1.0,0.0,1,1,1.0,1,1,1,1,0.0,1,1,0,1.0,1.0,1.0,0
2025-07-09,1.0,1,1.0,1.0,1.0,1,0,0,1.0,0,1,1.0,1,1.0,1.0,1.0,1.0,0.0,1.0,1,1,1.0,1.0,1.0,1.0,1,1,1.0,1.0,1,1,1,1.0,1.0,1.0,1,1,1.0,1,1,1,1,0.0,1,0,0,1.0,1.0,1.0,0
2025-07-10,1.0,1,1.0,1.0,1.0,1,0,0,1.0,0,1,1.0,1,1.0,1.0,1.0,1.0,0.0,1.0,1,1,1.0,1.0,1.0,1.0,1,1,1.0,1.0,1,1,1,1.0,1.0,1.0,1,1,1.0,1,1,1,1,0.0,1,0,0,1.0,1.0,1.0,0
2025-07-11,1.0,1,1.0,1.0,1.0,1,0,0,1.0,0,1,1.0,1,1.0,1.0,1.0,1.0,0.0,1.0,1,1,1.0,1.0,1.0,1.0,1,1,1.0,1.0,1,1,1,1.0,1.0,1.0,1,1,1.0,1,1,1,1,1.0,1,0,0,1.0,1.0,1.0,0
2025-07-14,1.0,1,1.0,1.0,1.0,1,0,0,1.0,0,1,1.0,1,1.0,1.0,1.0,1.0,0.0,1.0,1,1,1.0,1.0,1.0,1.0,1,1,1.0,1.0,1,1,1,1.0,1.0,1.0,1,1,1.0,1,1,1,1,1.0,1,0,0,1.0,1.0,1.0,0
2025-07-15,1.0,1,1.0,1.0,1.0,1,0,0,1.0,0,1,1.0,1,1.0,1.0,1.0,1.0,0.0,1.0,1,1,1.0,1.0,1.0,1.0,1,1,1.0,1.0,1,1,1,1.0,1.0,1.0,1,1,1.0,1,1,1,1,1.0,1,0,0,1.0,1.0,1.0,0
2025-07-16,1.0,1,1.0,1.0,1.0,1,0,0,1.0,0,1,1.0,1,1.0,1.0,1.0,1.0,0.0,1.0,1,1,1.0,1.0,1.0,1.0,1,1,1.0,1.0,1,1,1,1.0,1.0,1.0,1,1,1.0,1,1,1,1,1.0,1,0,0,1.0,1.0,1.0,0
2025-07-17,1.0,1,1.0,1.0,1.0,1,0,0,1.0,0,1,1.0,1,1.0,1.0,1.0,1.0,0.0,1.0,1,1,1.0,1.0,1.0,1.0,1,1,1.0,1.0,1,1,1,1.0,1.0,1.0,1,1,1.0,1,1,1,1,1.0,1,0,0,1.0,1.0,1.0,0
2025-07-18,1.0,1,1.0,1.0,1.0,1,0,0,1.0,0,1,1.0,1,1.0,1.0,1.0,1.0,0.0,1.0,1,1,1.0,1.0,1.0,1.0,1,1,1.0,1.0,1,1,1,1.0,1.0,1.0,1,1,1.0,1,1,1,1,0.0,1,0,0,1.0,1.0,1.0,0
2025-07-21,1.0,1,1.0,1.0,1.0,1,0,0,1.0,0,1,1.0,1,1.0,1.0,1.0,1.0,0.0,1.0,1,1,1.0,1.0,1.0,1.0,1,1,1.0,1.0,1,1,1,1.0,1.0,1.0,1,1,1.0,1,1,1,1,1.0,1,1,0,1.0,1.0,1.0,0
2025-07-22,1.0,1,1.0,1.0,1.0,1,0,0,0.0,0,1,1.0,1,1.0,1.0,1.0,1.0,0.0,1.0,1,1,1.0,1.0,1.0,1.0,1,1,1.0,1.0,1,1,1,1.0,1.0,1.0,1,1,1.0,1,1,1,1,1.0,1,1,0,1.0,1.0,1.0,0
2025-07-23,1.0,1,1.0,1.0,1.0,1,0,0,0.0,0,1,1.0,1,1.0,1.0,1.0,1.0,0.0,1.0,1,1,1.0,1.0,1.0,1.0,1,1,1.0,1.0,1,1,1,1.0,1.0,1.0,1,1,1.0,1,1,1,1,1.0,1,1,0,1.0,1.0,1.0,0
2025-07-24,1.0,1,1.0,1.0,1.0,1,0,0,0.0,0,1,1.0,1,1.0,1.0,1.0,1.0,0.0,1.0,1,1,1.0,1.0,1.0,1.0,1,1,1.0,1.0,1,1,1,1.0,1.0,1.0,1,1,1.0,1,1,1,1,1.0,1,1,0,1.0,1.0,1.0,0
2025-07-25,1.0,1,1.0,1.0,1.0,1,0,0,0.0,0,1,1.0,1,1.0,1.0,1.0,1.0,0.0,1.0,1,1,1.0,1.0,1.0,1.0,1,1,1.0,1.0,1,1,1,1.0,1.0,1.0,1,1,1.0,1,1,1,1,1.0,1,1,0,1.0,1.0,1.0,0
2025-07-28,1.0,1,1.0,1.0,1.0,1,0,0,0.0,0,1,1.0,1,1.0,1.0,1.0,1.0,0.0,1.0,1,1,1.0,1.0,1.0,1.0,1,1,1.0,1.0,1,1,1,1.0,1.0,1.0,1,1,1.0,1,1,1,1,1.0,1,1,0,1.0,1.0,1.0,0
2025-07-29,1.0,1,1.0,1.0,1.0,1,0,0,0.0,0,1,1.0,1,1.0,1.0,1.0,1.0,0.0,1.0,1,1,1.0,1.0,1.0,1.0,1,1,1.0,1.0,1,1,1,1.0,1.0,1.0,1,1,1.0,1,1,1,1,1.0,1,1,0,1.0,1.0,1.0,0
2025-07-30,1.0,1,1.0,1.0,1.0,1,0,0,0.0,0,1,1.0,1,1.0,1.0,1.0,1.0,0.0,1.0,1,1,1.0,1.0,1.0,1.0,1,1,1.0,1.0,1,1,1,1.0,1.0,1.0,1,1,1.0,1,1,1,1,1.0,1,1,0,1.0,1.0,1.0,0
2025-07-31,1.0,1,1.0,1.0,1.0,1,0,0,0.0,0,1,1.0,1,1.0,1.0,1.0,1.0,0.0,1.0,1,1,1.0,1.0,1.0,1.0,1,1,1.0,1.0,1,1,1,1.0,1.0,1.0,1,1,1.0,1,1,1,1,1.0,1,1,0,1.0,1.0,1.0,0
2025-08-01,1.0,1,1.0,1.0,1.0,1,0,0,1.0,0,1,1.0,1,1.0,1.0,1.0,1.0,1.0,1.0,1,0,1.0,1.0,1.0,1.0,1,1,1.0,1.0,1,1,1,1.0,1.0,1.0,1,1,1.0,1,1,1,1,1.0,1,1,0,1.0,1.0,1.0,0
2025-08-04,1.0,1,1.0,1.0,1.0,1,0,0,1.0,0,1,1.0,1,1.0,1.0,1.0,1.0,0.0,1.0,1,1,1.0,1.0,1.0,1.0,1,1,1.0,1.0,1,1,1,1.0,1.0,1.0,1,1,1.0,1,1,0,1,1.0,1,1,0,1.0,1.0,1.0,0
2025-08-05,1.0,1,1.0,1.0,1.0,1,0,0,1.0,0,1,1.0,1,1.0,1.0,1.0,1.0,0.0,1.0,1,0,1.0,1.0,1.0,1.0,1,1,1.0,1.0,1,1,1,1.0,1.0,1.0,1,1,1.0,1,1,0,1,1.0,1,1,0,1.0,1.0,1.0,0
2025-08-06,1.0,1,1.0,1.0,1.0,1,0,0,1.0,0,1,1.0,1,1.0,1.0,1.0,1.0,0.0,1.0,1,0,1.0,1.0,1.0,1.0,1,1,1.0,1.0,1,1,1,1.0,1.0,1.0,1,1,1.0,1,1,0,1,1.0,1,1,0,1.0,1.0,1.0,0
2025-08-07,1.0,1,1.0,1.0,1.0,1,0,0,1.0,0,1,1.0,1,1.0,1.0,1.0,1.0,0.0,1.0,1,1,1.0,1.0,1.0,1.0,1,1,1.0,1.0,1,1,1,1.0,1.0,1.0,1,1,1.0,1,1,0,1,1.0,1,1,0,1.0,1.0,1.0,0
2025-08-08,1.0,1,1.0,1.0,1.0,1,0,0,1.0,0,1,1.0,1,1.0,1.0,1.0,1.0,0.0,1.0,1,1,1.0,1.0,1.0,1.0,1,1,1.0,1.0,1,1,1,1.0,1.0,1.0,1,1,1.0,1,1,0,1,1.0,1,1,0,1.0,1.0,1.0,0
2025-08-11,1.0,1,1.0,1.0,1.0,1,0,0,1.0,0,1,1.0,1,1.0,1.0,1.0,1.0,0.0,1.0,1,1,1.0,1.0,1.0,1.0,1,1,1.0,1.0,1,1,1,1.0,1.0,1.0,1,1,1.0,1,1,1,1,1.0,1,1,0,1.0,1.0,1.0,0
2025-08-12,1.0,1,1.0,1.0,1.0,1,0,0,1.0,0,1,1.0,1,1.0,1.0,1.0,1.0,0.0,1.0,1,1,1.0,1.0,1.0,1.0,1,1,1.0,1.0,1,1,1,1.0,1.0,1.0,1,1,1.0,1,1,1,1,1.0,1,1,0,1.0,1.0,1.0,0
2025-08-13,1.0,1,1.0,1.0,1.0,1,0,0,1.0,0,1,1.0,1,1.0,1.0,1.0,1.0,0.0,1.0,1,1,1.0,1.0,1.0,1.0,1,1,1.0,1.0,1,1,1,1.0,1.0,1.0,1,1,1.0,1,1,1,1,1.0,1,1,0,1.0,1.0,1.0,0
2025-08-14,1.0,1,1.0,1.0,1.0,1,0,0,1.0,0,1,1.0,1,1.0,1.0,1.0,1.0,0.0,1.0,1,1,1.0,1.0,1.0,1.0,1,1,1.0,1.0,1,1,1,1.0,1.0,1.0,1,1,1.0,1,1,1,1,1.0,1,1,0,1.0,1.0,1.0,0
2025-08-15,1.0,1,1.0,1.0,1.0,1,0,0,1.0,0,0,1.0,1,1.0,1.0,1.0,1.0,0.0,1.0,1,1,1.0,1.0,1.0,1.0,1,1,1.0,1.0,1,1,1,1.0,1.0,1.0,1,1,1.0,1,1,1,1,1.0,1,1,0,1.0,1.0,1.0,0
2025-08-18,1.0,1,1.0,1.0,1.0,1,0,0,1.0,0,0,1.0,1,1.0,1.0,1.0,1.0,0.0,1.0,1,1,1.0,1.0,1.0,1.0,1,1,1.0,1.0,1,1,1,1.0,1.0,1.0,1,1,1.0,1,1,1,1,1.0,1,1,0,1.0,1.0,1.0,0
2025-08-19,1.0,1,1.0,1.0,1.0,1,0,0,1.0,0,0,1.0,1,1.0,1.0,1.0,1.0,0.0,1.0,1,0,1.0,1.0,1.0,1.0,1,1,1.0,1.0,1,1,1,1.0,1.0,1.0,1,1,1.0,1,1,1,1,1.0,1,0,0,1.0,1.0,1.0,0
2025-08-20,1.0,1,1.0,1.0,1.0,1,0,0,1.0,0,0,1.0,1,1.0,1.0,1.0,1.0,0.0,0.0,1,0,1.0,1.0,1.0,1.0,1,1,1.0,1.0,1,1,1,1.0,1.0,1.0,1,1,1.0,1,1,1,1,1.0,1,0,0,1.0,1.0,1.0,0
2025-08-21,1.0,1,1.0,1.0,1.0,1,0,0,1.0,0,0,1.0,1,1.0,1.0,1.0,1.0,0.0,0.0,1,0,1.0,1.0,1.0,1.0,1,1,1.0,1.0,1,1,1,1.0,1.0,1.0,1,1,1.0,1,1,1,1,1.0,1,0,0,1.0,1.0,1.0,0
2025-08-22,1.0,1,1.0,1.0,1.0,1,0,0,1.0,0,0,1.0,1,1.0,1.0,1.0,1.0,0.0,0.0,1,0,1.0,1.0,1.0,1.0,1,1,1.0,1.0,1,1,1,1.0,1.0,1.0,1,1,1.0,1,1,0,1,1.0,1,0,0,1.0,1.0,1.0,0
2025-08-25,1.0,1,1.0,1.0,1.0,1,0,0,1.0,0,0,1.0,1,1.0,1.0,1.0,1.0,0.0,0.0,1,0,1.0,1.0,1.0,1.0,1,1,1.0,1.0,1,1,1,1.0,1.0,1.0,1,1,1.0,1,1,0,1,1.0,1,0,0,1.0,1.0,1.0,0
2025-08-26,1.0,1,1.0,1.0,1.0,1,0,0,1.0,0,0,1.0,1,1.0,1.0,1.0,1.0,0.0,0.0,1,0,1.0,1.0,1.0,1.0,1,1,1.0,1.0,1,1,1,1.0,1.0,1.0,1,1,1.0,1,1,1,1,1.0,1,0,0,1.0,1.0,1.0,0
2025-08-27,1.0,1,1.0,1.0,1.0,1,0,0,1.0,0,0,1.0,1,1.0,1.0,1.0,1.0,0.0,1.0,1,0,1.0,1.0,1.0,1.0,1,1,1.0,1.0,1,1,1,1.0,1.0,1.0,1,1,1.0,1,1,0,1,1.0,1,0,0,1.0,1.0,1.0,0
2025-08-28,1.0,1,1.0,1.0,1.0,1,0,0,1.0,0,0,1.0,1,1.0,1.0,1.0,1.0,0.0,1.0,1,0,1.0,1.0,1.0,1.0,1,1,1.0,1.0,1,1,1,1.0,1.0,1.0,1,1,1.0,1,1,1,1,1.0,1,0,0,1.0,1.0,1.0,0
2025-08-29,1.0,1,1.0,1.0,1.0,1,0,0,1.0,0,0,1.0,1,1.0,1.0,1.0,1.0,1.0,1.0,1,0,1.0,1.0,1.0,1.0,1,1,1.0,1.0,1,1,1,1.0,1.0,1.0,1,1,1.0,1,1,0,1,1.0,1,0,0,1.0,1.0,1.0,1
2025-09-02,1.0,1,1.0,1.0,1.0,1,0,0,1.0,0,0,1.0,1,1.0,1.0,1.0,1.0,1.0,0.0,1,0,1.0,1.0,1.0,1.0,1,1,1.0,1.0,1,1,1,1.0,1.0,1.0,1,1,1.0,1,1,0,1,1.0,1,0,0,1.0,1.0,1.0,1
2025-09-03,1.0,1,1.0,1.0,1.0,1,0,0,1.0,0,0,1.0,1,1.0,1.0,1.0,1.0,1.0,0.0,1,0,1.0,1.0,1.0,1.0,1,1,1.0,1.0,1,1,1,1.0,0.0,1.0,1,1,1.0,1,1,0,1,1.0,1,0,0,1.0,1.0,1.0,1
2025-09-04,1.0,1,1.0,1.0,1.0,1,0,0,1.0,0,0,1.0,1,1.0,1.0,1.0,1.0,1.0,0.0,1,0,1.0,1.0,1.0,1.0,1,1,1.0,1.0,1,1,1,1.0,0.0,1.0,1,1,1.0,1,1,1,1,1.0,1,0,0,1.0,1.0,1.0,0
2025-09-05,1.0,1,1.0,1.0,1.0,1,0,0,1.0,0,0,1.0,1,1.0,1.0,1.0,1.0,1.0,0.0,1,0,1.0,1.0,1.0,1.0,1,1,1.0,1.0,1,1,1,1.0,0.0,1.0,1,1,1.0,1,1,1,1,1.0,1,0,0,1.0,1.0,1.0,0
2025-09-08,1.0,1,1.0,1.0,1.0,1,0,0,1.0,0,0,1.0,1,1.0,1.0,1.0,1.0,1.0,1.0,1,1,1.0,1.0,1.0,1.0,1,1,1.0,1.0,1,1,1,1.0,0.0,1.0,1,1,1.0,1,1,0,1,1.0,1,0,0,1.0,1.0,1.0,0
2025-09-09,1.0,1,1.0,1.0,1.0,1,0,0,1.0,0,0,1.0,1,1.0,1.0,1.0,1.0,1.0,1.0,1,0,1.0,1.0,1.0,1.0,1,1,1.0,1.0,1,1,1,1.0,0.0,1.0,1,1,1.0,1,1,0,1,1.0,1,0,0,1.0,1.0,1.0,0
2025-09-10,1.0,1,1.0,0.0,1.0,1,0,0,1.0,0,0,1.0,1,1.0,1.0,1.0,1.0,1.0,1.0,1,1,1.0,1.0,1.0,1.0,1,1,1.0,1.0,1,1,1,1.0,0.0,1.0,1,1,1.0,1,1,0,1,1.0,1,0,0,1.0,1.0,1.0,0
2025-09-11,1.0,1,1.0,0.0,1.0,1,0,0,1.0,0,0,1.0,1,1.0,1.0,1.0,1.0,0.0,1.0,1,1,1.0,1.0,1.0,1.0,1,1,1.0,1.0,1,1,1,1.0,0.0,1.0,1,1,1.0,1,1,0,1,1.0,1,0,1,1.0,1.0,1.0,0
2025-09-12,1.0,1,1.0,0.0,1.0,1,0,0,1.0,0,0,1.0,1,1.0,1.0,1.0,1.0,0.0,1.0,1,1,1.0,1.0,1.0,1.0,1,1,1.0,1.0,0,1,1,1.0,0.0,1.0,1,1,1.0,1,1,0,1,1.0,1,0,1,1.0,1.0,1.0,0
2025-09-15,1.0,1,1.0,0.0,1.0,1,0,0,1.0,0,0,1.0,1,1.0,1.0,1.0,1.0,0.0,1.0,1,1,1.0,1.0,1.0,1.0,1,1,1.0,1.0,0,1,1,1.0,0.0,1.0,1,1,1.0,1,1,0,1,1.0,1,0,1,1.0,1.0,1.0,0
2025-09-16,1.0,1,1.0,0.0,1.0,1,0,0,1.0,0,0,1.0,1,1.0,1.0,1.0,1.0,0.0,1.0,1,0,1.0,1.0,1.0,1.0,1,1,1.0,1.0,0,1,1,1.0,0.0,1.0,1,1,1.0,1,1,0,1,1.0,1,0,1,0.0,1.0,1.0,0
2025-09-17,1.0,1,1.0,0.0,1.0,1,0,0,1.0,0,0,1.0,1,1.0,1.0,1.0,1.0,0.0,1.0,1,1,1.0,1.0,1.0,1.0,1,1,1.0,1.0,0,1,1,1.0,0.0,1.0,1,1,1.0,1,1,0,1,1.0,1,0,1,1.0,1.0,1.0,0
2025-09-18,1.0,1,1.0,0.0,1.0,1,0,0,1.0,0,0,1.0,1,1.0,1.0,1.0,1.0,0.0,1.0,1,1,1.0,1.0,1.0,1.0,1,1,1.0,1.0,0,1,1,1.0,0.0,1.0,1,1,1.0,1,1,0,1,1.0,1,0,0,1.0,1.0,1.0,0
2025-09-19,1.0,1,1.0,0.0,1.0,1,1,0,1.0,0,0,1.0,1,1.0,1.0,1.0,1.0,0.0,1.0,1,1,1.0,1.0,1.0,1.0,1,1,1.0,1.0,0,1,1,1.0,0.0,1.0,1,1,1.0,1,1,0,1,1.0,1,0,0,1.0,1.0,1.0,0
2025-09-22,1.0,1,1.0,0.0,1.0,1,1,0,1.0,0,0,1.0,1,1.0,1.0,1.0,1.0,0.0,1.0,1,0,1.0,1.0,1.0,1.0,1,1,1.0,1.0,0,1,1,1.0,0.0,1.0,1,1,1.0,1,1,0,1,1.0,1,0,0,1.0,1.0,1.0,0
2025-09-23,1.0,1,1.0,1.0,1.0,1,1,0,1.0,0,0,1.0,1,1.0,1.0,1.0,1.0,0.0,1.0,1,0,1.0,1.0,1.0,1.0,1,1,1.0,1.0,0,1,1,1.0,0.0,1.0,1,1,1.0,1,1,0,1,1.0,1,0,0,1.0,1.0,1.0,0
2025-09-24,1.0,1,1.0,1.0,1.0,1,1,0,1.0,0,0,1.0,1,1.0,1.0,1.0,1.0,0.0,1.0,1,0,1.0,1.0,1.0,1.0,1,1,1.0,1.0,0,1,1,1.0,0.0,1.0,1,1,1.0,1,1,0,1,1.0,1,0,0,1.0,1.0,1.0,0
2025-09-25,1.0,1,1.0,1.0,1.0,1,1,0,1.0,0,0,1.0,1,1.0,1.0,1.0,1.0,0.0,1.0,1,0,1.0,1.0,1.0,1.0,1,1,1.0,1.0,1,1,1,1.0,0.0,1.0,1,1,1.0,1,1,0,1,1.0,1,0,0,1.0,1.0,1.0,1
2025-09-26,1.0,1,1.0,1.0,1.0,1,1,0,1.0,0,0,1.0,1,1.0,1.0,1.0,1.0,0.0,1.0,1,0,1.0,1.0,1.0,1.0,1,1,1.0,1.0,1,1,1,1.0,0.0,1.0,1,1,1.0,1,1,0,1,1.0,1,0,0,1.0,1.0,1.0,1
2025-09-29,1.0,1,1.0,1.0,1.0,1,1,0,1.0,0,0,1.0,1,1.0,1.0,1.0,1.0,0.0,1.0,1,0,1.0,1.0,1.0,1.0,1,1,1.0,1.0,1,1,1,1.0,0.0,1.0,1,1,1.0,1,1,0,1,1.0,1,0,0,1.0,1.0,1.0,1
2025-09-30,1.0,1,1.0,1.0,1.0,1,1,0,1.0,0,0,1.0,1,1.0,1.0,1.0,1.0,0.0,1.0,1,0,1.0,1.0,1.0,1.0,1,1,1.0,1.0,1,1,1,1.0,0.0,1.0,1,1,1.0,1,1,0,1,1.0,1,0,0,1.0,1.0,1.0,1
2025-10-01,1.0,1,1.0,1.0,1.0,1,1,0,0.0,0,0,1.0,1,1.0,1.0,1.0,1.0,0.0,1.0,1,0,1.0,1.0,1.0,1.0,1,1,1.0,1.0,1,1,1,1.0,0.0,1.0,1,1,1.0,1,1,0,1,1.0,1,0,0,1.0,1.0,1.0,1
2025-10-02,1.0,1,1.0,1.0,1.0,1,1,0,1.0,0,0,1.0,1,1.0,1.0,1.0,0.0,0.0,1.0,1,0,1.0,1.0,1.0,1.0,1,1,1.0,1.0,1,1,1,1.0,0.0,1.0,1,1,1.0,1,1,0,1,1.0,1,0,0,1.0,1.0,1.0,1
2025-10-03,1.0,1,1.0,1.0,1.0,1,1,0,1.0,0,0,1.0,1,1.0,1.0,1.0,0.0,0.0,1.0,1,1,1.0,1.0,1.0,1.0,1,1,1.0,1.0,1,1,1,1.0,0.0,1.0,1,1,1.0,1,1,0,1,1.0,1,0,0,1.0,1.0,1.0,1
2025-10-06,1.0,1,1.0,1.0,1.0,1,1,0,1.0,0,0,1.0,1,1.0,1.0,1.0,0.0,0.0,1.0,1,1,1.0,1.0,1.0,1.0,1,1,1.0,0.0,1,1,1,1.0,0.0,1.0,1,1,1.0,1,1,0,1,1.0,1,0,0,1.0,1.0,1.0,0
2025-10-07,1.0,1,1.0,1.0,1.0,1,1,0,1.0,0,0,1.0,1,1.0,1.0,1.0,0.0,0.0,1.0,1,0,1.0,1.0,1.0,1.0,1,1,1.0,0.0,1,1,1,1.0,0.0,1.0,1,1,1.0,1,1,0,1,1.0,1,0,0,1.0,1.0,1.0,0
2025-10-08,1.0,1,1.0,0.0,1.0,1,1,0,1.0,0,0,1.0,1,1.0,1.0,1.0,0.0,0.0,1.0,1,1,1.0,1.0,1.0,1.0,1,1,1.0,0.0,1,1,1,1.0,0.0,1.0,1,1,1.0,1,1,0,1,1.0,1,1,0,1.0,1.0,1.0,0
2025-10-09,1.0,1,1.0,0.0,1.0,1,1,0,1.0,0,0,1.0,1,1.0,1.0,1.0,0.0,0.0,1.0,1,1,1.0,1.0,1.0,1.0,1,1,1.0,0.0,1,1,1,1.0,0.0,1.0,1,1,1.0,1,1,0,1,1.0,1,1,0,1.0,1.0,1.0,0
2025-10-10,1.0,1,1.0,1.0,1.0,1,1,0,1.0,0,0,1.0,1,1.0,1.0,1.0,1.0,1.0,1.0,1,1,1.0,1.0,1.0,1.0,1,1,1.0,0.0,1,1,1,1.0,1.0,1.0,1,1,1.0,1,1,1,1,1.0,1,1,0,1.0,1.0,1.0,0
2025-10-13,1.0,1,1.0,1.0,1.0,1,1,0,1.0,0,0,1.0,1,1.0,1.0,1.0,1.0,0.0,1.0,1,0,1.0,1.0,1.0,1.0,1,1,1.0,0.0,1,1,1,1.0,1.0,1.0,1,1,1.0,1,1,1,1,1.0,1,1,0,1.0,1.0,1.0,0
2025-10-14,1.0,1,1.0,1.0,1.0,1,1,0,1.0,0,0,1.0,1,1.0,1.0,1.0,1.0,1.0,1.0,1,0,1.0,1.0,1.0,1.0,1,1,1.0,0.0,1,1,1,1.0,1.0,1.0,1,1,1.0,1,1,1,1,1.0,1,1,0,1.0,1.0,1.0,0
2025-10-15,1.0,1,1.0,1.0,1.0,1,1,0,1.0,0,0,1.0,1,1.0,1.0,1.0,1.0,1.0,1.0,1,1,1.0,1.0,1.0,1.0,1,1,1.0,0.0,1,1,1,1.0,1.0,1.0,1,1,1.0,1,1,1,1,1.0,1,1,0,1.0,1.0,1.0,0
2025-10-16,1.0,1,1.0,1.0,1.0,1,1,0,1.0,0,0,1.0,1,1.0,0.0,1.0,1.0,1.0,1.0,1,1,1.0,1.0,1.0,1.0,1,1,1.0,0.0,1,1,1,1.0,1.0,1.0,1,1,1.0,1,1,1,1,1.0,1,1,0,1.0,1.0,1.0,0
2025-10-17,0.0,1,0.0,0.0,0.0,1,1,0,0.0,0,0,0.0,1,0.0,0.0,0.0,0.0,0.0,0.0,1,1,0.0,0.0,0.0,0.0,1,1,0.0,0.0,1,1,1,0.0,0.0,0.0,1,1,0.0,1,1,1,1,0.0,1,0,0,0.0,0.0,0.0,0
2025-10-20,0.0,1,0.0,0.0,0.0,1,1,0,0.0,0,0,0.0,1,0.0,0.0,0.0,0.0,0.0,0.0,1,0,0.0,0.0,0.0,0.0,1,1,0.0,0.0,1,1,1,0.0,0.0,0.0,1,1,0.0,1,1,1,1,0.0,1,0,0,0.0,0.0,0.0,0
2025-10-21,0.0,1,0.0,0.0,0.0,1,1,0,0.0,0,0,0.0,1,0.0,0.0,0.0,0.0,0.0,0.0,1,0,0.0,0.0,0.0,0.0,1,1,0.0,0.0,1,1,1,0.0,0.0,0.0,1,1,0.0,1,1,1,1,0.0,1,0,0,0.0,0.0,0.0,0
2025-10-22,0.0,1,0.0,0.0,0.0,1,1,0,0.0,0,0,0.0,1,0.0,0.0,0.0,0.0,0.0,0.0,1,0,0.0,0.0,0.0,0.0,1,1,0.0,0.0,1,1,1,0.0,0.0,0.0,1,1,0.0,1,1,1,1,0.0,1,0,0,0.0,0.0,0.0,0
2025-10-23,0.0,1,0.0,0.0,0.0,1,1,0,0.0,0,0,0.0,1,0.0,0.0,0.0,0.0,0.0,0.0,1,0,0.0,0.0,0.0,0.0,1,1,0.0,0.0,1,1,1,0.0,0.0,0.0,1,1,0.0,1,1,1,1,0.0,1,0,0,0.0,0.0,0.0,0
